rank,uri,artist_names,track_name,source,peak_rank,previous_rank,days_on_chart,streams
1,"spotify:track:3nqQXoyQOWXiESFLlDF1hG","Sam Smith, Kim Petras","Unholy (feat. Kim Petras)","EMI",1,1,3,"7065371"
2,"spotify:track:2tTmW7RDtMQtBk7m2rYeSw","Bizarrap, Quevedo","Quevedo: Bzrp Music Sessions, Vol. 52","DALE PLAY Records",1,3,80,"5412910"
3,"spotify:track:4uUG5RXrOk84mYEfFvj3cK","David Guetta, Bebe Rexha","I'm Good (Blue)","Parlophone UK",2,2,30,"5181054"
4,"spotify:track:4Dvkj6JhhA12EX05fT7y2e","Harry Styles","As It Was","Columbia",1,4,178,"5111493"
5,"spotify:track:6Sq7ltF9Qa7SNFBsV5Cogx","Bad Bunny, Chencho Corleone","Me Porto Bonito","Rimas Entertainment LLC",2,7,142,"4508666"
6,"spotify:track:5ww2BF9slyYgNOk37BlC4u","Manuel Turizo","La Bachata","Sony Music Latin/La Industria",5,6,85,"4496571"
7,"spotify:track:1IHWl5LamUGEuP4ozKQSXZ","Bad Bunny","Tití Me Preguntó","Rimas Entertainment LLC",4,8,142,"4247271"
8,"spotify:track:7gRFDGEzF9UkBV233yv2dc","BLACKPINK","Shut Down","YG Entertainment/Interscope Records",1,5,9,"4211800"
9,"spotify:track:53tfEupEzQRtVFOeZvk7xq","ROSALÍA","DESPECHÁ","Columbia",5,11,59,"3823837"
10,"spotify:track:4h9wh7iOZ0GGn8QVp4RAOB","OneRepublic","I Ain't Worried","Interscope Records",7,9,112,"3745999"
11,"spotify:track:5IgjP7X4th6nMNDh4akUHb","Chris Brown","Under The Influence","Chris Brown Entertainment/RCA Records",8,10,64,"3598527"
12,"spotify:track:5Eax0qFko2dh7Rl2lYs3bx","Bad Bunny","Efecto","Rimas Entertainment LLC",6,13,142,"3389362"
13,"spotify:track:5zwwW9Oq7ubSxoCGyW1nbY","BLACKPINK","Pink Venom","YG Entertainment/Interscope Records",1,12,37,"3336407"
14,"spotify:track:4k6Uh1HXdhtusDW5y8Gbvy","Steve Lacy","Bad Habit","L-M Records/RCA Records",9,14,80,"3086213"
15,"spotify:track:2yjlYDiNiQkdxVqTlaSrlX","Nicki Minaj","Super Freaky Girl","Republic Records",13,15,44,"3064247"
16,"spotify:track:3k3NWokhRRkEPhCzPmV8TW","Bad Bunny, Bomba Estéreo","Ojitos Lindos","Rimas Entertainment LLC",2,16,142,"3024655"
17,"spotify:track:6Xom58OOXk2SoU711L2IXO","Bad Bunny","Moscow Mule","Rimas Entertainment LLC",1,22,142,"2623664"
18,"spotify:track:02MWAaffLxlfxAUY7c5dvx","Glass Animals","Heat Waves","Polydor Records",1,20,644,"2613243"
19,"spotify:track:76OGwb5RA9h4FxQPT33ekc","Rosa Linn","SNAP","Columbia",17,17,76,"2612751"
20,"spotify:track:31i56LZnwE6uSu3exoHjtB","Bad Bunny","Neverita","Rimas Entertainment LLC",11,23,142,"2597713"
21,"spotify:track:6xGruZOHLs39ZbVccQTuPZ","Joji","Glimpse of Us","88rising Music/Warner Records",1,18,107,"2517372"
22,"spotify:track:7jtQIBanIiJOMS6RyCx6jZ","Tom Odell","Another Love","ITNO/Columbia",18,21,528,"2422780"
23,"spotify:track:75FEaRjZTKLhTrFGsfMUXR","Kate Bush","Running Up That Hill (A Deal With God) - 2018 Remaster","Rhino",1,24,120,"2393039"
24,"spotify:track:38T0tPVZHcPZyhtOcCP7pF","Lil Nas X","STAR WALKIN' (League of Legends Worlds Anthem)","Columbia",19,19,2,"2379740"
25,"spotify:track:7dSZ6zGTQx66c2GF91xCrb","KAROL G","PROVENZA","UMLE - Latino",4,28,156,"2360350"
26,"spotify:track:5PjdY0CKGZdEuoNab3yDmX","The Kid LAROI, Justin Bieber","STAY (with Justin Bieber)","Columbia",1,26,443,"2223325"
27,"spotify:track:2QjOHCTQ1Jl3zawyYOpxh6","The Neighbourhood","Sweater Weather","Columbia",23,25,761,"2191206"
28,"spotify:track:3LtpKP5abr2qqjunvjlX5i","Central Cee","Doja","Central Cee",14,27,65,"2141229"
29,"spotify:track:0mBP9X2gPCuapvpZ7TGDk3","Charlie Puth, Jung Kook, BTS","Left and Right (Feat. Jung Kook of BTS)","Atlantic Records",3,29,93,"2118457"
30,"spotify:track:2LBqCSwhJGcFQeTHMVGwy3","The Weeknd","Die For You","Universal Republic Records",27,30,234,"2115477"
31,"spotify:track:6VhuP99TE6gYNQRJIlAWFD","Stephen Sanchez","Until I Found You","Republic Records",22,31,139,"2084279"
32,"spotify:track:6JIC3hbC28JZKZ8AlAqX8h","Elton John, Dua Lipa, PNAU","Cold Heart - PNAU Remix","EMI",2,32,408,"2058992"
33,"spotify:track:0O6u0VJ46W86TxN9wgyqDj","Post Malone, Doja Cat","I Like You (A Happier Song) (with Doja Cat)","Mercury Records/Republic Records",6,33,114,"1985926"
34,"spotify:track:1xK59OXxi2TAAAbmZK0kBL","d4vd","Romantic Homicide","Darkroom/Interscope Records",31,35,21,"1964950"
35,"spotify:track:1xzi1Jcr7mEi9K2RfzLOqS","Beyoncé","CUFF IT","Parkwood Entertainment/Columbia",13,36,35,"1959673"
36,"spotify:track:1qEmFfgcLObUfQm0j1W2CK","Harry Styles","Late Night Talking","Columbia",2,34,128,"1955915"
37,"spotify:track:4h4QlmocP3IuwYEj2j14p8","Nicky Youre, dazy","Sunroof","Thirty Knots/Columbia",27,37,143,"1949979"
38,"spotify:track:54ipXppHLA8U4yqpOFTUhr","Imagine Dragons","Bones","Kid Ina Korner / Interscope",33,38,198,"1888277"
39,"spotify:track:6HMtHNpW6YPi1hrw9tgF8P","Lizzo","About Damn Time","Nice Life/Atlantic",7,39,151,"1884264"
40,"spotify:track:79HZAZNnOE97rb2hnI0XQr","Rauw Alejandro, Lyanno, Brray","LOKERA","Sony Music Latin/Duars Entertainment",40,42,46,"1851198"
41,"spotify:track:6i1g5ZRmJZAkDwBaUZ3f2i","Luar La L","Caile","La Mafia Urbana Corp.",29,43,46,"1814970"
42,"spotify:track:0WtM2NBVQNNJLh6scP13H8","Rema, Selena Gomez","Calm Down (with Selena Gomez)","Mavin Records / Jonzing World",41,41,30,"1807431"
43,"spotify:track:41oY4WCTj5kccfesTVFnvN","Bad Bunny, Jhay Cortez","Tarot","Rimas Entertainment LLC",5,44,142,"1789509"
44,"spotify:track:1ga4PztXOIw1yBbdUt2X8v","KAROL G, Maldy","GATÚBELA","UMLE - Latino",28,49,30,"1779101"
45,"spotify:track:5TJEBoTCDbJXiKMdCN9pd3","Elton John, Britney Spears","Hold Me Closer","EMI",14,47,30,"1745337"
46,"spotify:track:4zN21mbAuaD0WqtmaTZZeP","James Hype, Miggy Dela Rosa","Ferrari","Universal-Island Records Ltd.",29,46,113,"1739138"
47,"spotify:track:7wdwIaXUuzlu1grzWMFRJm","Ghost","Mary On A Cross","UME - Global Clearing House",31,45,42,"1705760"
48,"spotify:track:39JofJHEtg8I4fSyo7Imft","Eliza Rose, Interplanetary Criminal","B.O.T.A. (Baddest Of Them All) - Edit","Warner Records",48,48,21,"1691428"
49,"spotify:track:0VjIjW4GlUZAMYd2vXMi3b","The Weeknd","Blinding Lights","Republic Records",1,52,1031,"1691345"
50,"spotify:track:4tYFy8ALRjIZvnvSLw5lxN","Bad Bunny, Rauw Alejandro","Party","Rimas Entertainment LLC",6,55,142,"1683948"
51,"spotify:track:0L8LOav65XwLjCLS11gNPD","BLACKPINK","Typa Girl","YG Entertainment/Interscope Records",8,40,9,"1678940"
52,"spotify:track:7a8GawTVgHZvBLQOh46he7","Arctic Monkeys","I Wanna Be Yours","Domino Recording Co",46,54,80,"1669941"
53,"spotify:track:6I3mqTwhRpn34SLVafSH7G","Justin Bieber","Ghost","RBMG/Def Jam",10,50,370,"1631077"
54,"spotify:track:7iwJOi3hlMqZt6pj1sQOBj","Quevedo","Vista Al Mar","Quevedo",53,53,16,"1614796"
55,"spotify:track:2rurDawMfoKP4uHyb2kJBt","Shakira, Rauw Alejandro","Te Felicito","Sony Music Latin",12,58,155,"1593529"
56,"spotify:track:0e5UZadoZ5me957hKsxRYh","JVKE","golden hour","JVKE",43,57,33,"1568478"
57,"spotify:track:3F5CgOj3wFlRv51JsHbxhe","Drake, 21 Savage","Jimmy Cooks (feat. 21 Savage)","OVO",4,51,100,"1557450"
58,"spotify:track:58ge6dfP91o9oXMzq3XkIS","Arctic Monkeys","505","Domino/Warner Records",44,56,276,"1541175"
59,"spotify:track:2CeKVsFFXG4QzA415QygGb","Feid","Feliz Cumpleaños Ferxxo","UMLE - Latino",38,60,36,"1526735"
60,"spotify:track:2DB4DdfCFMw1iaR6JaR03a","Camila Cabello, Ed Sheeran","Bam Bam (feat. Ed Sheeran)","Epic",5,59,205,"1526344"
61,"spotify:track:1797zYiX4cKosMH836X9Gt","Bad Bunny, Tony Dize","La Corriente","Rimas Entertainment LLC",12,65,142,"1521312"
62,"spotify:track:0hquQWY3xvYqN4qtiquniF","Doja Cat","Vegas (From the Original Motion Picture Soundtrack ELVIS)","Kemosabe Records/RCA Records",26,62,116,"1500121"
63,"spotify:track:1cKHdTo9u0ZymJdPGSh6nq","The Weeknd, Gesaffelstein","I Was Never There","Universal Republic Records",8,63,117,"1486584"
64,"spotify:track:2eAvDnpXP5W0cVtiI0PUxV","Ruth B.","Dandelions","Columbia",32,66,403,"1476130"
65,"spotify:track:27ZZdyTSQWI7Cug2d2PkqV","Armani White","BILLIE EILISH.","Legendbound, LLC / Def Jam Recordings",65,68,32,"1466192"
66,"spotify:track:7ef4DlsgrMEH11cDZd32M6","Calvin Harris, Dua Lipa","One Kiss (with Dua Lipa)","Sony Music UK",1,72,631,"1463325"
67,"spotify:track:7MXVkk9YMctZqd1Srtv4MB","The Weeknd, Daft Punk","Starboy","Universal Republic Records",1,64,720,"1458163"
68,"spotify:track:3AJwUDP919kvQ9QcozQPxg","Coldplay","Yellow","Parlophone UK",49,67,636,"1451972"
69,"spotify:track:6VBhH7CyP56BXjp8VsDFPZ","Pritam, Arijit Singh, Amitabh Bhattacharya","Kesariya (From ""Brahmastra"")","Sony Music Entertainment India Pvt. Ltd.",24,89,70,"1405871"
70,"spotify:track:3fjN3y5x4hN53rykAN2LHQ","Rels B","cómo dormiste?","Flakk Team / DALE PLAY Records",22,70,51,"1400474"
71,"spotify:track:1Fid2jjqsHViMX6xNH70hE","Seafret","Atlantis","Sweet Jane Recordings",59,73,68,"1375634"
72,"spotify:track:09mEdoA6zrmBPgTEN5qXmN","The Weeknd","Call Out My Name","Universal Republic Records",1,74,339,"1362885"
73,"spotify:track:6UelLqGlWMcVH1E5c4H7lY","Harry Styles","Watermelon Sugar","Columbia",4,77,1042,"1357921"
74,"spotify:track:58HvfVOeJY7lUuCqF0m3ly","Elley Duhé","MIDDLE OF THE NIGHT","Not Fit For Society/RCA Records",9,78,280,"1352905"
75,"spotify:track:0HYAsQwJIO6FLqpyTeD3l6","Fujii Kaze","死ぬのがいいわ","Universal Music LLC",72,83,21,"1338899"
76,"spotify:track:3CIyK1V4JEJkg02E4EJnDl","Imagine Dragons, JID, Arcane, League of Legends","Enemy (with JID) - from the series Arcane League of Legends","Kid Ina Korner / Interscope",3,84,331,"1337754"
77,"spotify:track:50nfwKoDiSYg8zOCREWAm5","Ed Sheeran","Shivers","Atlantic Records UK",4,75,380,"1334418"
78,"spotify:track:5Z9KJZvQzH6PFmb8SNkxuk","Lil Nas X, Jack Harlow","INDUSTRY BABY (feat. Jack Harlow)","Columbia",2,82,429,"1324707"
79,"spotify:track:5jt25aFjW2kNoBqaEVaz5W","Mora, Feid","LA INOCENTE","Rimas Entertainment LLC",68,85,82,"1310445"
80,"spotify:track:5QO79kh1waicV47BqGRL3g","The Weeknd","Save Your Tears","Republic Records",2,81,660,"1308395"
81,"spotify:track:6qyS9qBy0mEk3qYaH8mPss","Kordhell","Murder In My Mind","Kordhell",81,93,46,"1293620"
82,"spotify:track:0fea68AdmYNygeTGI4RC18","J Balvin, Bad Bunny","LA CANCIÓN","Universal Music Latino / Rimas",16,96,587,"1287836"
83,"spotify:track:1O2pcBJGej0pmH2Y9XZMs6","Cris Mj","Una Noche en Medellín","Nabru Records LLC",6,110,216,"1282863"
84,"spotify:track:7nFJSfGvvV0WjatTZN6QYi","Luciano, Aitch, BIA","Bamba (feat. Aitch & BIA)","URBAN",61,61,2,"1278330"
85,"spotify:track:5uSFGgIfHMT3osrAd9n9ym","Lewis Capaldi","Forget Me","Vertigo Berlin",46,76,16,"1272494"
86,"spotify:track:5QM0SsyzmBM0pbFY52Xj1X","Sam Smith","I'm Not The Only One","Capitol",79,79,68,"1270166"
87,"spotify:track:7DbdUf8aHSYoliSjO6LZv6","Beach Weather","Sex, Drugs, Etc.","8123 / Arista Records",66,87,42,"1268641"
88,"spotify:track:3MJhPqL2IgGs7gHEB2M35q","BLACKPINK","Hard to Love","YG Entertainment/Interscope Records",12,71,9,"1264785"
89,"spotify:track:1dm6z1fWB0cErMszU25dy2","Bad Bunny","Después de la Playa","Rimas Entertainment LLC",3,106,142,"1264360"
90,"spotify:track:37y7iDayfwm3WXn5BiAoRk","Steve Lacy","Dark Red","Three Quarter",58,80,405,"1262195"
91,"spotify:track:59nOXPmaKlBfGMDeOVGrIK","Future, Drake, Tems","WAIT FOR U (feat. Drake & Tems)","Epic/Freebandz",5,88,149,"1258239"
92,"spotify:track:6DoL1yYIwEW7VZMRaJhoJI","Chris Jedi, Anuel AA, Chencho Corleone, Ñengo Flow","La Llevo Al Cielo (Ft. Ñengo Flow)","UMLE - Latino",50,98,128,"1244745"
93,"spotify:track:5PfFHceiEv61KldMOuVrv8","Peso Pluma, Luis R Conriquez","Siempre Pendientes","Prajin Records",80,147,39,"1234071"
94,"spotify:track:0wHFktze2PHC5jDt3B17DC","Jack Harlow","First Class","Generation Now/Atlantic",1,92,170,"1230879"
95,"spotify:track:2WigMwGJysIh9fRnSJvpjn","Oxlade","KU LO SA - A COLORS SHOW","Epic",91,91,20,"1228638"
96,"spotify:track:2gYj9lubBorOPIVWsTXugG","IVE","After LIKE","Starship Entertainment",23,104,34,"1227816"
97,"spotify:track:3rmo8F54jFF8OgYsqTxm5d","Ed Sheeran","Bad Habits","Atlantic Records UK",3,103,457,"1223728"
98,"spotify:track:6Uj1ctrBOjOas8xZXGqKk4","Doja Cat","Woman","Kemosabe Records/RCA Records",5,102,439,"1221382"
99,"spotify:track:5pyoxDZ1PX0KxBxiRVxA4U","Beyoncé","BREAK MY SOUL","Parkwood Entertainment/Columbia",5,94,96,"1217043"
100,"spotify:track:6mmPpaltUZK7xjNlBPQQ0p","Rauw Alejandro, Chencho Corleone","Desesperados","Sony Music Latin/Duars Entertainment",8,107,285,"1213342"
101,"spotify:track:7qEHsqek33rTcFNT9PFqLf","Lewis Capaldi","Someone You Loved","Vertigo Berlin",4,100,1353,"1213100"
102,"spotify:track:3sNVsP50132BTNlImLx70i","Kanye West","Bound 2","Rock The World/IDJ/Kanye/LP6",69,86,26,"1211928"
103,"spotify:track:4RVwu0g32PAqgUiJoXsdF8","Billie Eilish","Happier Than Ever","Darkroom/Interscope Records",6,97,422,"1191127"
104,"spotify:track:4gzsuuZypVbxs0Af1LSZyB","Tainy, Bad Bunny, Julieta Venegas","Lo Siento BB:/ (with Bad Bunny & Julieta Venegas)","Neon16",7,105,355,"1186908"
105,"spotify:track:2B4GHvToeLTOBB4QLzW3Ni","Farruko","Pepas","Sony Music Latin",3,125,440,"1186292"
106,"spotify:track:7FlQk2gJ6TBrHHiidvdR2O","Becky G, KAROL G","MAMIII","Kemosabe Records/RCA Records",5,120,226,"1185042"
107,"spotify:track:0u2P5u6lvoDfwTYjAADbn4","Billie Eilish, Khalid","lovely (with Khalid)","Darkroom",19,90,1613,"1178937"
108,"spotify:track:5nujrmhLynf4yMoMtj8AQF","Dua Lipa, DaBaby","Levitating (feat. DaBaby)","Warner Records",4,109,723,"1178273"
109,"spotify:track:5CZ40GBx1sQ9agT82CLQCT","Olivia Rodrigo","traitor","Olivia Rodrigo PS",7,111,492,"1178153"
110,"spotify:track:7lQ8MOhq6IN2w8EYcFNSUk","Eminem","Without Me","Aftermath",29,101,362,"1149904"
111,"spotify:track:1FEiijYPJtyswChfcpv3p0","Lana Del Rey","Summertime Sadness","Polydor Records",85,116,63,"1149421"
112,"spotify:track:46HNZY1i7O6jwTA7Slo2PI","Coldplay, BTS","My Universe","Parlophone UK",3,114,366,"1143825"
113,"spotify:track:3PpWCS95gDUDRPko3u1MZ9","Feid","Prohibidox","UMLE - Latino",83,108,11,"1141346"
114,"spotify:track:0pqnGHJpmpxLKifKRmU6WP","Imagine Dragons","Believer","Kid Ina Korner / Interscope",15,126,2056,"1133752"
115,"spotify:track:3uUuGVFu1V7jTQL60S1r8z","Lost Frequencies, Calum Scott","Where Are You Now","Epic Amsterdam",17,117,394,"1122543"
116,"spotify:track:46IZ0fSY2mpAiktS3KOqds","Adele","Easy On Me","Columbia",1,113,346,"1118523"
117,"spotify:track:2TktkzfozZifbQhXjT6I33","Omar Apollo","Evergreen (You Didn’t Deserve Me At All)","Warner Records",99,99,6,"1117032"
118,"spotify:track:5aucVLKiumD89mxVCB4zvS","Crush, j-hope","Rush Hour (Feat. j-hope of BTS)","피네이션",58,69,3,"1116587"
119,"spotify:track:3rq5w4bQGigXOfdN30ATJt","Arctic Monkeys","Do I Wanna Know?","Domino Recording Co",91,121,384,"1116453"
120,"spotify:track:0kTMK4gNFfLXaTb62w1UaJ","Pablo Pesadilla, Polimá Westcoast, Nickoog Clk, Fran C","BABY OTAKU","BZR Music",120,124,3,"1116218"
121,"spotify:track:1ELsaYdj2NlxLvkx9g24xZ","Guilherme & Benuto, Hugo & Guilherme","Haja Colírio (feat. Hugo & Guilherme) - Ao Vivo","Sony Music Entertainment",107,-1,19,"1105400"
122,"spotify:track:2JPLbjOn0wPCngEot2STUS","Bad Bunny","Yonaguni","Rimas Entertainment LLC",3,149,478,"1103466"
123,"spotify:track:5wANPM4fQCJwkGd4rN57mH","Olivia Rodrigo","drivers license","Olivia Rodrigo PS",1,115,625,"1102587"
124,"spotify:track:7AdGloF1UHKe1vAZPbqIXH","BLACKPINK","The Happiest Girl","YG Entertainment/Interscope Records",15,95,9,"1099329"
125,"spotify:track:4RvWPyQ5RL0ao9LPZeSouE","Tears For Fears","Everybody Wants To Rule The World","UMC (Universal Music Catalogue)",95,130,117,"1090768"
126,"spotify:track:5YbPxJwPfrj7uswNwoF1pJ","Burna Boy","Last Last","Spaceship/ Bad Habit/Atlantic Records",82,134,79,"1084157"
127,"spotify:track:1JSTJqkT5qHq8MDJnJbRE1","The Police","Every Breath You Take","Polydor Records",96,129,521,"1075235"
128,"spotify:track:62ke5zFUJN6RvtXZgVH0F8","Paloma Faith","Only Love Can Hurt Like This","RCA Records Label",83,119,122,"1075183"
129,"spotify:track:0a4MMyCrzT0En247IhqZbD","NewJeans","Hype Boy","ADOR",76,138,42,"1071505"
130,"spotify:track:6VrQTLzzuyGIYjUDe4kAZk","Bad Bunny","Un Coco","Rimas Entertainment LLC",22,132,142,"1071206"
131,"spotify:track:4SqWKzw0CbA05TGszDgMlc","The Walters","I Love You So","Warner Records",18,140,349,"1069595"
132,"spotify:track:7fBv7CLKzipRk6EC6TWHOB","The Weeknd","The Hills","Universal Republic Records",24,123,395,"1068547"
133,"spotify:track:4ZtFanR9U6ndgddUvNcjcG","Olivia Rodrigo","good 4 u","Olivia Rodrigo PS",1,141,499,"1066469"
134,"spotify:track:3PfIrDoz19wz7qK7tYeu62","Dua Lipa","Don't Start Now","Warner Records",2,144,1056,"1065131"
135,"spotify:track:5CzixCxDkRXX9mScCmah8O","Bad Bunny","Un Ratito","Rimas Entertainment LLC",7,148,142,"1064912"
136,"spotify:track:0JzG1wJuB4v9UPkSE7LMXi","Montell Fish","Hotel","Lord’s Child, LLC",90,112,9,"1064269"
137,"spotify:track:0kqTXMHiQiB7IECD0WwcPq","TWICE","Talk that Talk","Republic Records - TWICE",49,131,30,"1062344"
138,"spotify:track:3BnDvpeuGOj21Ir2aVEtQo","Rema","Calm Down","Mavin Records / Jonzing World",113,145,77,"1061587"
139,"spotify:track:1mea3bSkSGXuIRvnydlB5b","Coldplay","Viva La Vida","Parlophone UK",119,135,32,"1060744"
140,"spotify:track:3AVrVz5rK8Hrqo9YGiVGN5","Cigarettes After Sex","Apocalypse","PTKF",94,128,79,"1060507"
141,"spotify:track:4cacyP5c3PMlfnyjpg13xW","Yung Gravy","Betty (Get Money)","Republic Records",64,137,81,"1057515"
142,"spotify:track:7fZBQnc0zXwVybgCIrQQil","Imanbek, BYOR","Belly Dancer","Musical Freedom",67,139,121,"1057100"
143,"spotify:track:3yfqSUWxFvZELEM4PmlwIR","Eminem","The Real Slim Shady","Interscope",36,143,480,"1052918"
144,"spotify:track:6HU7h9RYOaPRFeh0R3UeAr","Olivia Rodrigo","deja vu","Olivia Rodrigo PS",3,142,540,"1048784"
145,"spotify:track:1u8c2t2Cy7UBoG4ArRcF5g","Taylor Swift","Blank Space","Big Machine Records, LLC",104,166,331,"1042797"
146,"spotify:track:0T2pB7P1VdXPhLdQZ488uH","Feid","Normal","UMLE - Latino",27,150,79,"1038976"
147,"spotify:track:10xV5l9nhLvFpR8mqzs0bL","Marshmello, Khalid","Numb","Joytime Collective/RCA Records",93,152,107,"1025319"
148,"spotify:track:4w273WCBXwM4P3jTX5HkB2","Grupo Marca Registrada, Junior H","El Rescate","RB Music",108,195,58,"1018773"
149,"spotify:track:7o2CTH4ctstm8TNelqjb51","Guns N' Roses","Sweet Child O' Mine","Guns N Roses P&D",94,159,109,"1009470"
150,"spotify:track:0bYVPJvXr8ACmw313cVvhB","BLACKPINK","Tally","YG Entertainment/Interscope Records",17,118,9,"1009306"
151,"spotify:track:1XGmzt0PVuFgQYYnV2It7A","Maroon 5, Wiz Khalifa","Payphone","Interscope Records*",63,155,304,"1008577"
152,"spotify:track:2J2Z1SkXYghSajLibnQHOa","Sia","Unstoppable","Monkey Puzzle Records/RCA Records",102,153,223,"1007333"
153,"spotify:track:6wtZPYBIXUvCpXwVjMCJBf","Polimá Westcoast, Pailita, Feid, Paloma Mami, De La Ghetto","ULTRA SOLO REMIX","Sony Music Entertainment Chile S.A",32,164,100,"1007329"
154,"spotify:track:1OZ4uv7OAP24Ix6j3vojLt","Mc Paiva ZS, MC Ryan SP, Kotim","Casei Com a Putaria","Love Funk",139,182,12,"1006029"
155,"spotify:track:0zCgWGmDF0aih5qexATyBn","Mr.Kitty","After Dark","Negative Gain Productions",97,154,158,"995897"
156,"spotify:track:4OmfWzukSVD140NiAIEjem","Steve Lacy","Static","L-M Records/RCA Records",109,122,18,"994458"
157,"spotify:track:4u7EnebtmKWzUH433cf5Qv","Queen","Bohemian Rhapsody - Remastered 2011","Hollywood Records",10,171,1453,"993042"
158,"spotify:track:5GF0X7GdNmnouKcdhhRmtm","Paulo Londra, Duki","Party en el Barrio (feat. Duki)","WEA Latina",45,157,10,"988658"
159,"spotify:track:1oFAF1hdPOickyHgbuRjyX","The Weeknd, Ariana Grande","Save Your Tears (Remix) (with Ariana Grande) - Bonus Track","XO / Republic Records",3,156,520,"986606"
160,"spotify:track:3WMj8moIAXJhHsyLaqIIHI","Zach Bryan","Something in the Orange","Warner Records",124,133,19,"981483"
161,"spotify:track:0gucTLf7trAf37Ua1uAyAu","Nirvana","Smells Like Teen Spirit","Geffen",92,160,605,"980431"
162,"spotify:track:21jGcNKet2qwijlDFuPiPb","Post Malone","Circles","Republic Records",1,158,1114,"979371"
163,"spotify:track:0ll8uFnc0nANY35E0Lfxvg","Keane","Somewhere Only We Know","Interscope",163,167,13,"974210"
164,"spotify:track:5y4WmuvFX1t3NdSId0MFOh","BLACKPINK","Yeah Yeah Yeah","YG Entertainment/Interscope Records",14,127,9,"973901"
165,"spotify:track:68Dni7IE4VyPkTOH9mRWHr","J. Cole","No Role Modelz","Roc Nation Records LLC",69,136,446,"972381"
166,"spotify:track:5O2P9iiztwhomNh8xkR9lJ","One Direction","Night Changes","Syco Music",86,161,122,"965535"
167,"spotify:track:7yq4Qj7cqayVTp3FF9CWbm","Vance Joy","Riptide","Atlantic Records",114,163,632,"965169"
168,"spotify:track:13Irp51zj01BZu2XtDrnAg","Lizzo","2 Be Loved (Am I Ready)","Nice Life/Atlantic",105,172,8,"962774"
169,"spotify:track:4d4ZXH4dr5bYfgErHiZCX2","Bad Bunny","Dos Mil 16","Rimas Entertainment LLC",17,173,142,"962762"
170,"spotify:track:5kpxVMDvYGRmNqawPqDTYR","La Adictiva Banda San José de Mesillas, Luis R Conriquez","JGL","Anval Music",127,-1,31,"957360"
171,"spotify:track:5TXLMRrIet3CQxkyBZc3yE","Grupo Frontera","No Se Va","Grupo Frontera",171,-1,1,"955310"
172,"spotify:track:0RiRZpuVRbi7oqRdSMwhQY","Post Malone, Swae Lee","Sunflower - Spider-Man: Into the Spider-Verse","Republic Records",1,179,1437,"954481"
173,"spotify:track:6RUKPb4LETWmmr3iAEQktW","The Chainsmokers, Coldplay","Something Just Like This","Disruptor Records/Columbia",2,169,1260,"954472"
174,"spotify:track:4MzXwWMhyBbmu6hOcLVD49","Bad Bunny, Jhay Cortez","DÁKITI","Rimas Entertainment LLC",1,184,691,"951528"
175,"spotify:track:2pIUpMhHL6L9Z5lnKxJJr9","NewJeans","Attention","ADOR",73,176,45,"948767"
176,"spotify:track:5gDWsRxpJ2lZAffh5p7K0w","The Weeknd, Lana Del Rey","Stargirl Interlude","Universal Republic Records",125,165,69,"948462"
177,"spotify:track:40SBS57su9xLiE1WqkXOVr","LF SYSTEM","Afraid To Feel","Warner Records",108,175,76,"943258"
178,"spotify:track:4UyVCLbNG8yhrqbzeSmdho","Black Eyed Peas, Shakira, David Guetta","DON'T YOU WORRY","Epic",146,189,39,"939987"
179,"spotify:track:48q0vSHcJdhK3IiXH8C5WJ","Arctic Monkeys","Why'd You Only Call Me When You're High?","Domino Recording Co",100,177,314,"938800"
180,"spotify:track:0xzI1KAr0Yd9tv8jlIk3sn","benny blanco, BTS, Snoop Dogg","Bad Decisions (with BTS & Snoop Dogg)","Friends Keep Secrets/Interscope Records",7,146,51,"929965"
181,"spotify:track:7JJmb5XwzOO8jgpou264Ml","Shawn Mendes","There's Nothing Holdin' Me Back","Island Records",5,185,542,"929743"
182,"spotify:track:0tgVpDi06FyKpA1z0VMD4v","Ed Sheeran","Perfect","Atlantic Records UK",3,193,2009,"929700"
183,"spotify:track:7gwT3HGL84vF7bgtwL1N88","Lasso","Ojos Marrones","Universal Music Mexico",67,181,88,"928588"
184,"spotify:track:003vvx7Niy0yvhvHt4a68B","The Killers","Mr. Brightside","Island Records",73,178,840,"924286"
185,"spotify:track:2tpWsVSb9UEmDRxAl1zhX1","OneRepublic","Counting Stars","Mosley / Interscope",101,183,565,"920198"
186,"spotify:track:7qoIhutxU269Zqo9PG5IOj","Pineapple StormTv, Chris MC, Salve Malak, Tz da Coronel, MC Cabelinho, Chefin, L7NNON, Luísa Sonza, Oruam, Xamã, N.I.N.A","Poesia Acústica 13","Pineapple Storm",151,151,4,"919324"
187,"spotify:track:7qiZfU4dY1lWllzX7mPBI3","Ed Sheeran","Shape of You","Atlantic Records UK",1,-1,2048,"918946"
188,"spotify:track:22skzmqfdWrjJylampe0kt","Macklemore & Ryan Lewis, Macklemore, Ryan Lewis, Ray Dalton","Can't Hold Us (feat. Ray Dalton)","Macklemore",57,200,255,"913125"
189,"spotify:track:1gH1h30wkQdd9zhY3j7a8T","Rex Orange County","THE SHADE","Rex Orange County",92,-1,61,"911513"
190,"spotify:track:5qaEfEh1AtSdrdrByCP7qR","Imagine Dragons","Demons","Kid Ina Korner / Interscope",176,197,44,"907812"
191,"spotify:track:44XjoNvtwevktFKjvVe1vH","Bad Bunny, Buscabulla","Andrea","Rimas Entertainment LLC",21,-1,141,"902323"
192,"spotify:track:5QDLhrAOJJdNAmCTJ8xMyW","BTS","Dynamite","BIGHIT MUSIC",1,191,762,"901154"
193,"spotify:track:1R0a2iXumgCiFb7HEZ7gUE","Taylor Swift","Don’t Blame Me","Big Machine Records, LLC",68,170,136,"897852"
194,"spotify:track:5g7sDjBhZ4I3gcFIpkrLuI","Bruno Mars","Locked out of Heaven","Atlantic Records",102,192,266,"897259"
195,"spotify:track:4xqrdfXkTW4T0RauPLv3WA","Conan Gray","Heather","Republic Records",11,-1,762,"897093"
196,"spotify:track:1DIXPcTDzTj8ZMHt3PDt8p","Coolio, L.V.","Gangsta's Paradise","Tommy Boy Music, LLC",110,199,328,"896908"
197,"spotify:track:1v7L65Lzy0j0vdpRjJewt1","Eminem","Lose Yourself - From ""8 Mile"" Soundtrack","Aftermath",27,180,634,"894230"
198,"spotify:track:7iL6o9tox1zgHpKUfh9vuC","50 Cent","In Da Club","Shady Records",50,-1,70,"892797"
199,"spotify:track:3hUxzQpSfdDqwM3ZTFQY0K","Taylor Swift","august","Taylor Swift",9,187,91,"888729"
200,"spotify:track:1Wwh6gmMeolwzbRzfZMY5b","BLACKPINK","Ready For Love","YG Entertainment/Interscope Records",25,162,9,"886676"
